transaction_id,employee_id,employee_name,vendor,amount,category,timestamp,department
TXN000001,EMP001,John Smith,Office Depot,14.75,Business Expense,2025-10-21 12:14:09,Finance
TXN000002,EMP001,John Smith,Amazon,138.57,Equipment,2025-10-24 16:37:16,Finance
TXN000003,EMP001,John Smith,Office Depot,15.66,Software,2025-11-03 11:32:07,Finance
TXN000004,EMP001,John Smith,Travel Agency,116.64,Equipment,2025-11-05 18:34:52,Finance
TXN000005,EMP002,Sarah Johnson,Amazon,95.35,Business Expense,2025-10-31 12:48:02,Marketing
TXN000006,EMP004,Lisa Garcia,Office Depot,74.65,Travel,2025-11-03 10:48:37,Sales
TXN000007,EMP001,John Smith,Staples,27.62,Travel,2025-11-12 09:54:52,Finance
TXN000008,EMP005,David Brown,Travel Agency,60.26,Software,2025-11-05 08:29:35,IT
TXN000009,EMP001,John Smith,Amazon,194.89,Travel,2025-10-31 14:35:20,Finance
TXN000010,EMP005,David Brown,Tech Store,178.24,Office Supplies,2025-11-18 13:12:15,IT
TXN000011,EMP001,John Smith,Amazon,135.64,Business Expense,2025-11-13 12:54:54,Finance
TXN000012,EMP001,John Smith,Travel Agency,82.22,Travel,2025-11-19 15:53:21,Finance
TXN000013,EMP002,Sarah Johnson,Travel Agency,80.33,Office Supplies,2025-11-04 11:17:41,Marketing
TXN000014,EMP005,David Brown,Travel Agency,130.65,Business Expense,2025-10-29 16:15:37,IT
TXN000015,EMP004,Lisa Garcia,Travel Agency,82.1,Business Expense,2025-11-09 18:35:03,Sales
TXN000016,EMP003,Mike Chen,Office Depot,170.14,Office Supplies,2025-11-18 08:52:05,Operations
TXN000017,EMP003,Mike Chen,Office Depot,86.22,Software,2025-10-28 09:58:37,Operations
TXN000018,EMP003,Mike Chen,Local Supplier,50.4,Equipment,2025-10-21 15:56:51,Operations
TXN000019,EMP002,Sarah Johnson,Travel Agency,60.33,Software,2025-11-01 11:35:29,Marketing
TXN000020,EMP003,Mike Chen,Tech Store,151.93,Travel,2025-10-26 14:25:06,Operations
TXN000021,EMP002,Sarah Johnson,Tech Store,199.49,Office Supplies,2025-11-19 10:31:26,Marketing
TXN000022,EMP001,John Smith,Travel Agency,173.61,Equipment,2025-11-15 10:10:44,Finance
TXN000023,EMP005,David Brown,Tech Store,22.07,Software,2025-11-08 14:29:21,IT
TXN000024,EMP003,Mike Chen,Travel Agency,194.5,Office Supplies,2025-11-16 08:46:23,Operations
TXN000025,EMP005,David Brown,Staples,152.67,Travel,2025-11-06 18:07:37,IT
TXN000026,EMP004,Lisa Garcia,Travel Agency,40.05,Travel,2025-10-21 08:56:20,Sales
TXN000027,EMP005,David Brown,Amazon,154.77,Travel,2025-10-27 16:55:12,IT
TXN000028,EMP005,David Brown,Staples,125.7,Business Expense,2025-11-09 10:48:36,IT
TXN000029,EMP005,David Brown,Amazon,191.16,Travel,2025-10-24 16:38:32,IT
TXN000030,EMP004,Lisa Garcia,Staples,13.7,Office Supplies,2025-11-08 13:15:04,Sales
TXN000031,EMP002,Sarah Johnson,Amazon,176.82,Equipment,2025-10-31 09:46:11,Marketing
TXN000032,EMP001,John Smith,Office Depot,195.82,Equipment,2025-11-08 16:08:46,Finance
TXN000033,EMP005,David Brown,Tech Store,41.37,Business Expense,2025-10-25 16:27:53,IT
TXN000034,EMP005,David Brown,Travel Agency,153.5,Equipment,2025-10-27 11:19:24,IT
TXN000035,EMP003,Mike Chen,Local Supplier,93.24,Business Expense,2025-10-23 16:07:53,Operations
TXN000036,EMP002,Sarah Johnson,Tech Store,22.16,Business Expense,2025-10-26 08:35:58,Marketing
TXN000037,EMP005,David Brown,Travel Agency,51.84,Office Supplies,2025-10-24 09:40:38,IT
TXN000038,EMP002,Sarah Johnson,Staples,22.81,Software,2025-11-17 08:04:15,Marketing
TXN000039,EMP002,Sarah Johnson,Office Depot,62.91,Business Expense,2025-11-01 15:34:48,Marketing
TXN000040,EMP005,David Brown,Local Supplier,119.48,Equipment,2025-10-30 11:51:31,IT
TXN000041,EMP002,Sarah Johnson,Local Supplier,27.92,Equipment,2025-11-02 18:22:10,Marketing
TXN000042,EMP004,Lisa Garcia,Travel Agency,98.73,Office Supplies,2025-11-02 08:41:26,Sales
TXN000043,EMP001,John Smith,Amazon,86.5,Business Expense,2025-11-18 13:15:54,Finance
TXN000044,EMP002,Sarah Johnson,Local Supplier,111.89,Travel,2025-10-24 10:11:31,Marketing
TXN000045,EMP004,Lisa Garcia,Local Supplier,57.46,Software,2025-11-11 09:51:01,Sales
TXN000046,EMP001,John Smith,Amazon,19.61,Business Expense,2025-11-05 16:05:00,Finance
TXN000047,EMP002,Sarah Johnson,Office Depot,87.22,Equipment,2025-10-24 15:55:08,Marketing
TXN000048,EMP001,John Smith,Local Supplier,41.28,Equipment,2025-11-16 08:16:28,Finance
TXN000049,EMP003,Mike Chen,Travel Agency,90.37,Equipment,2025-10-28 16:45:58,Operations
TXN000050,EMP002,Sarah Johnson,Unknown Vendor,784.85,Software,2025-11-01 00:03:21,Marketing
TXN000051,EMP005,David Brown,Amazon,21.58,Software,2025-10-25 13:03:07,IT
TXN000052,EMP004,Lisa Garcia,Office Depot,105.54,Software,2025-11-16 16:03:12,Sales
TXN000053,EMP001,John Smith,Tech Store,171.76,Business Expense,2025-11-11 09:04:27,Finance
TXN000054,EMP004,Lisa Garcia,Office Depot,32.78,Software,2025-10-31 17:37:04,Sales
TXN000055,EMP001,John Smith,Travel Agency,127.68,Software,2025-10-23 14:37:05,Finance
TXN000056,EMP005,David Brown,Office Depot,70.11,Travel,2025-11-11 12:42:40,IT
TXN000057,EMP002,Sarah Johnson,Travel Agency,60.47,Travel,2025-11-09 10:41:52,Marketing
TXN000058,EMP004,Lisa Garcia,Amazon,70.07,Software,2025-10-21 09:29:51,Sales
TXN000059,EMP005,David Brown,Tech Store,199.26,Software,2025-11-15 09:13:20,IT
TXN000060,EMP003,Mike Chen,Amazon,35.17,Business Expense,2025-11-06 13:56:01,Operations
TXN000061,EMP003,Mike Chen,Tech Store,64.15,Travel,2025-11-10 15:45:24,Operations
TXN000062,EMP005,David Brown,Tech Store,196.93,Software,2025-10-26 18:00:16,IT
TXN000063,EMP003,Mike Chen,Office Depot,187.03,Office Supplies,2025-10-26 09:16:42,Operations
TXN000064,EMP001,John Smith,Staples,151.06,Software,2025-10-21 10:18:47,Finance
TXN000065,EMP002,Sarah Johnson,Travel Agency,146.35,Travel,2025-10-28 11:40:45,Marketing
TXN000066,EMP005,David Brown,Amazon,102.82,Equipment,2025-11-15 08:40:14,IT
TXN000067,EMP003,Mike Chen,Office Depot,18.38,Travel,2025-10-21 13:40:01,Operations
TXN000068,EMP002,Sarah Johnson,Travel Agency,150.83,Software,2025-10-31 16:27:50,Marketing
TXN000069,EMP001,John Smith,Tech Store,31.26,Travel,2025-10-26 10:02:45,Finance
TXN000070,EMP005,David Brown,Office Depot,114.98,Travel,2025-10-23 14:02:21,IT
TXN000071,EMP003,Mike Chen,Staples,180.81,Business Expense,2025-10-24 08:13:15,Operations
TXN000072,EMP001,John Smith,Local Supplier,77.2,Business Expense,2025-10-21 16:39:07,Finance
TXN000073,EMP002,Sarah Johnson,Local Supplier,174.28,Business Expense,2025-10-22 10:01:15,Marketing
TXN000074,EMP003,Mike Chen,Travel Agency,158.65,Business Expense,2025-10-25 14:55:04,Operations
TXN000075,EMP003,Mike Chen,Local Supplier,40.25,Office Supplies,2025-11-04 09:55:32,Operations
TXN000076,EMP004,Lisa Garcia,Staples,52.26,Business Expense,2025-11-06 15:19:47,Sales
TXN000077,EMP002,Sarah Johnson,Local Supplier,14.5,Travel,2025-11-01 11:21:38,Marketing
TXN000078,EMP001,John Smith,Staples,193.71,Software,2025-11-09 12:41:31,Finance
TXN000079,EMP004,Lisa Garcia,Staples,139.11,Office Supplies,2025-11-04 16:01:24,Sales
TXN000080,EMP003,Mike Chen,Amazon,43.93,Software,2025-11-04 12:06:09,Operations
TXN000081,EMP004,Lisa Garcia,Local Supplier,75.68,Software,2025-10-25 13:38:30,Sales
TXN000082,EMP001,John Smith,Office Depot,83.19,Office Supplies,2025-10-25 17:16:36,Finance
TXN000083,EMP004,Lisa Garcia,Travel Agency,10.32,Business Expense,2025-10-24 16:46:46,Sales
TXN000084,EMP003,Mike Chen,Staples,91.95,Travel,2025-11-02 18:39:21,Operations
TXN000085,EMP001,John Smith,Tech Store,146.75,Equipment,2025-10-31 12:19:53,Finance
TXN000086,EMP003,Mike Chen,Tech Store,86.46,Business Expense,2025-11-17 12:08:17,Operations
TXN000087,EMP004,Lisa Garcia,Travel Agency,136.34,Business Expense,2025-11-15 14:47:04,Sales
TXN000088,EMP005,David Brown,Tech Store,118.13,Office Supplies,2025-10-29 14:53:49,IT
TXN000089,EMP003,Mike Chen,Tech Store,64.51,Travel,2025-10-29 14:38:27,Operations
TXN000090,EMP004,Lisa Garcia,Office Depot,93.94,Equipment,2025-11-19 18:32:22,Sales
TXN000091,EMP002,Sarah Johnson,Tech Store,135.18,Software,2025-10-25 12:42:09,Marketing
TXN000092,EMP003,Mike Chen,Travel Agency,27.74,Business Expense,2025-11-01 11:19:44,Operations
TXN000093,EMP002,Sarah Johnson,Office Depot,38.0,Software,2025-11-04 08:30:39,Marketing
TXN000094,EMP001,John Smith,Tech Store,96.53,Equipment,2025-11-13 18:12:37,Finance
TXN000095,EMP004,Lisa Garcia,Travel Agency,85.93,Office Supplies,2025-11-03 10:44:07,Sales
TXN000096,EMP001,John Smith,Office Depot,157.9,Software,2025-10-23 11:51:14,Finance
TXN000097,EMP004,Lisa Garcia,Amazon,19.54,Business Expense,2025-10-28 11:29:09,Sales
TXN000098,EMP004,Lisa Garcia,Tech Store,136.84,Equipment,2025-10-24 16:20:32,Sales
TXN000099,EMP005,David Brown,Local Supplier,164.85,Software,2025-11-16 16:53:00,IT
TXN000100,EMP004,Lisa Garcia,Unknown Vendor,1845.81,Travel,2025-11-12 02:28:44,Sales
TXN000101,EMP002,Sarah Johnson,Tech Store,169.57,Business Expense,2025-11-07 12:31:18,Marketing
TXN000102,EMP003,Mike Chen,Office Depot,93.58,Travel,2025-11-14 12:17:49,Operations
TXN000103,EMP003,Mike Chen,Office Depot,179.68,Business Expense,2025-10-23 09:09:46,Operations
TXN000104,EMP004,Lisa Garcia,Amazon,141.85,Equipment,2025-11-05 11:26:55,Sales
TXN000105,EMP003,Mike Chen,Amazon,113.1,Equipment,2025-11-18 14:13:33,Operations
TXN000106,EMP004,Lisa Garcia,Travel Agency,181.92,Software,2025-11-09 17:01:54,Sales
TXN000107,EMP004,Lisa Garcia,Staples,100.63,Equipment,2025-11-03 13:48:20,Sales
TXN000108,EMP004,Lisa Garcia,Tech Store,112.26,Business Expense,2025-10-31 16:57:17,Sales
TXN000109,EMP004,Lisa Garcia,Local Supplier,51.69,Equipment,2025-10-26 14:01:16,Sales
TXN000110,EMP003,Mike Chen,Travel Agency,137.09,Equipment,2025-11-10 14:10:42,Operations
TXN000111,EMP002,Sarah Johnson,Amazon,196.34,Equipment,2025-10-21 16:58:13,Marketing
TXN000112,EMP005,David Brown,Amazon,117.23,Equipment,2025-11-16 08:41:04,IT
TXN000113,EMP002,Sarah Johnson,Amazon,174.7,Equipment,2025-10-26 10:16:43,Marketing
TXN000114,EMP003,Mike Chen,Staples,50.22,Equipment,2025-11-18 13:48:35,Operations
TXN000115,EMP003,Mike Chen,Staples,152.88,Office Supplies,2025-11-15 14:53:20,Operations
TXN000116,EMP004,Lisa Garcia,Amazon,13.68,Business Expense,2025-11-02 16:22:25,Sales
TXN000117,EMP001,John Smith,Amazon,158.43,Office Supplies,2025-10-26 18:48:02,Finance
TXN000118,EMP002,Sarah Johnson,Tech Store,47.88,Business Expense,2025-10-28 08:09:00,Marketing
TXN000119,EMP002,Sarah Johnson,Tech Store,99.98,Equipment,2025-10-31 09:13:07,Marketing
TXN000120,EMP003,Mike Chen,Tech Store,155.71,Office Supplies,2025-11-11 10:38:39,Operations
TXN000121,EMP002,Sarah Johnson,Tech Store,193.3,Travel,2025-11-19 09:01:36,Marketing
TXN000122,EMP005,David Brown,Local Supplier,138.7,Business Expense,2025-11-07 14:45:00,IT
TXN000123,EMP001,John Smith,Office Depot,122.5,Travel,2025-11-14 18:06:38,Finance
TXN000124,EMP005,David Brown,Amazon,163.05,Software,2025-11-16 17:22:48,IT
TXN000125,EMP004,Lisa Garcia,Tech Store,135.69,Travel,2025-10-26 09:41:31,Sales
TXN000126,EMP001,John Smith,Amazon,171.42,Travel,2025-11-05 15:27:37,Finance
TXN000127,EMP004,Lisa Garcia,Office Depot,144.39,Software,2025-10-20 14:46:41,Sales
TXN000128,EMP003,Mike Chen,Local Supplier,127.02,Equipment,2025-11-05 16:29:05,Operations
TXN000129,EMP005,David Brown,Amazon,61.0,Equipment,2025-11-10 11:17:55,IT
TXN000130,EMP002,Sarah Johnson,Tech Store,152.59,Equipment,2025-11-18 17:42:24,Marketing
TXN000131,EMP003,Mike Chen,Office Depot,15.45,Business Expense,2025-10-29 13:31:05,Operations
TXN000132,EMP003,Mike Chen,Staples,161.59,Software,2025-10-26 13:56:57,Operations
TXN000133,EMP003,Mike Chen,Office Depot,115.6,Business Expense,2025-10-24 16:05:33,Operations
TXN000134,EMP004,Lisa Garcia,Travel Agency,102.83,Equipment,2025-11-07 11:30:11,Sales
TXN000135,EMP004,Lisa Garcia,Staples,160.66,Equipment,2025-11-13 09:14:06,Sales
TXN000136,EMP002,Sarah Johnson,Staples,68.18,Software,2025-11-07 17:30:29,Marketing
TXN000137,EMP005,David Brown,Staples,75.31,Equipment,2025-11-13 16:22:32,IT
TXN000138,EMP003,Mike Chen,Amazon,68.26,Business Expense,2025-11-10 11:46:40,Operations
TXN000139,EMP003,Mike Chen,Travel Agency,32.72,Business Expense,2025-10-27 16:11:14,Operations
TXN000140,EMP002,Sarah Johnson,Travel Agency,150.33,Software,2025-10-21 12:37:28,Marketing
TXN000141,EMP005,David Brown,Office Depot,63.77,Business Expense,2025-11-16 09:18:04,IT
TXN000142,EMP003,Mike Chen,Travel Agency,44.09,Business Expense,2025-10-27 08:34:25,Operations
TXN000143,EMP003,Mike Chen,Tech Store,18.65,Business Expense,2025-11-13 08:18:17,Operations
TXN000144,EMP004,Lisa Garcia,Tech Store,29.49,Equipment,2025-11-05 08:18:37,Sales
TXN000145,EMP004,Lisa Garcia,Amazon,93.69,Equipment,2025-10-24 10:16:05,Sales
TXN000146,EMP001,John Smith,Local Supplier,166.2,Software,2025-10-24 14:04:38,Finance
TXN000147,EMP001,John Smith,Staples,38.83,Business Expense,2025-11-19 17:05:04,Finance
TXN000148,EMP001,John Smith,Tech Store,116.03,Software,2025-10-21 14:38:40,Finance
TXN000149,EMP002,Sarah Johnson,Local Supplier,157.38,Equipment,2025-10-21 14:58:26,Marketing
TXN000150,EMP003,Mike Chen,Unknown Vendor,1790.25,Software,2025-10-28 02:19:39,Operations
TXN000151,EMP005,David Brown,Office Depot,21.44,Business Expense,2025-10-23 09:40:55,IT
TXN000152,EMP003,Mike Chen,Office Depot,135.48,Software,2025-11-04 10:11:37,Operations
TXN000153,EMP001,John Smith,Local Supplier,39.74,Software,2025-11-14 14:44:57,Finance
TXN000154,EMP004,Lisa Garcia,Staples,65.34,Travel,2025-11-06 11:45:04,Sales
TXN000155,EMP004,Lisa Garcia,Staples,23.52,Software,2025-10-26 11:50:59,Sales
TXN000156,EMP002,Sarah Johnson,Office Depot,90.78,Business Expense,2025-10-21 16:41:35,Marketing
TXN000157,EMP003,Mike Chen,Amazon,167.06,Travel,2025-11-14 09:10:53,Operations
TXN000158,EMP005,David Brown,Staples,152.3,Office Supplies,2025-11-06 17:28:14,IT
TXN000159,EMP004,Lisa Garcia,Staples,140.85,Software,2025-10-21 14:32:11,Sales
TXN000160,EMP004,Lisa Garcia,Amazon,93.17,Equipment,2025-11-10 17:56:21,Sales
TXN000161,EMP003,Mike Chen,Amazon,124.71,Software,2025-11-06 08:14:13,Operations
TXN000162,EMP005,David Brown,Staples,190.65,Office Supplies,2025-11-04 18:36:28,IT
TXN000163,EMP002,Sarah Johnson,Local Supplier,99.4,Travel,2025-11-12 18:58:02,Marketing
TXN000164,EMP002,Sarah Johnson,Travel Agency,199.42,Equipment,2025-11-08 14:52:20,Marketing
TXN000165,EMP001,John Smith,Staples,99.3,Office Supplies,2025-11-08 14:20:46,Finance
TXN000166,EMP002,Sarah Johnson,Staples,72.66,Equipment,2025-10-25 15:42:56,Marketing
TXN000167,EMP005,David Brown,Staples,16.97,Travel,2025-11-12 09:16:47,IT
TXN000168,EMP001,John Smith,Tech Store,194.34,Office Supplies,2025-11-09 14:52:19,Finance
TXN000169,EMP005,David Brown,Office Depot,97.78,Travel,2025-11-08 08:33:23,IT
TXN000170,EMP005,David Brown,Local Supplier,153.72,Office Supplies,2025-11-17 18:48:14,IT
TXN000171,EMP002,Sarah Johnson,Staples,60.74,Equipment,2025-11-05 10:28:17,Marketing
TXN000172,EMP001,John Smith,Tech Store,15.49,Business Expense,2025-11-07 18:51:27,Finance
TXN000173,EMP002,Sarah Johnson,Tech Store,69.04,Office Supplies,2025-11-17 08:26:04,Marketing
TXN000174,EMP002,Sarah Johnson,Local Supplier,198.53,Business Expense,2025-11-12 09:07:11,Marketing
TXN000175,EMP004,Lisa Garcia,Tech Store,187.2,Travel,2025-11-05 12:45:44,Sales
TXN000176,EMP004,Lisa Garcia,Office Depot,168.6,Software,2025-11-10 15:29:11,Sales
TXN000177,EMP002,Sarah Johnson,Tech Store,82.88,Business Expense,2025-10-20 17:47:57,Marketing
TXN000178,EMP001,John Smith,Staples,62.49,Software,2025-10-27 14:59:56,Finance
TXN000179,EMP003,Mike Chen,Travel Agency,165.9,Software,2025-11-14 12:19:42,Operations
TXN000180,EMP005,David Brown,Office Depot,199.79,Software,2025-11-02 15:28:36,IT
TXN000181,EMP004,Lisa Garcia,Tech Store,75.57,Equipment,2025-11-11 16:24:58,Sales
TXN000182,EMP003,Mike Chen,Tech Store,175.22,Business Expense,2025-10-23 11:24:00,Operations
TXN000183,EMP004,Lisa Garcia,Travel Agency,18.29,Equipment,2025-10-22 15:58:20,Sales
TXN000184,EMP004,Lisa Garcia,Office Depot,197.8,Office Supplies,2025-10-23 18:31:09,Sales
TXN000185,EMP002,Sarah Johnson,Staples,105.44,Office Supplies,2025-11-06 17:55:50,Marketing
TXN000186,EMP004,Lisa Garcia,Amazon,28.95,Business Expense,2025-10-30 15:46:44,Sales
TXN000187,EMP004,Lisa Garcia,Amazon,175.48,Travel,2025-10-26 10:30:03,Sales
TXN000188,EMP003,Mike Chen,Travel Agency,128.42,Travel,2025-10-23 14:05:51,Operations
TXN000189,EMP005,David Brown,Travel Agency,82.2,Equipment,2025-11-15 13:45:03,IT
TXN000190,EMP005,David Brown,Office Depot,16.82,Travel,2025-11-19 09:40:01,IT
TXN000191,EMP002,Sarah Johnson,Amazon,151.89,Office Supplies,2025-11-13 14:48:34,Marketing
TXN000192,EMP004,Lisa Garcia,Amazon,41.61,Travel,2025-11-07 12:02:58,Sales
TXN000193,EMP001,John Smith,Local Supplier,65.74,Business Expense,2025-11-12 13:09:36,Finance
TXN000194,EMP005,David Brown,Office Depot,88.29,Business Expense,2025-11-18 18:10:10,IT
TXN000195,EMP001,John Smith,Tech Store,125.8,Business Expense,2025-11-08 14:43:59,Finance
TXN000196,EMP004,Lisa Garcia,Office Depot,183.44,Travel,2025-11-14 10:29:15,Sales
TXN000197,EMP004,Lisa Garcia,Local Supplier,58.51,Travel,2025-10-31 08:57:05,Sales
TXN000198,EMP005,David Brown,Staples,40.02,Travel,2025-10-29 15:37:52,IT
TXN000199,EMP004,Lisa Garcia,Staples,141.16,Equipment,2025-10-31 15:12:37,Sales
TXN000200,EMP004,Lisa Garcia,Unknown Vendor,659.98,Travel,2025-11-18 02:36:24,Sales
TXN000201,EMP005,David Brown,Amazon,66.22,Equipment,2025-11-01 12:53:42,IT
TXN000202,EMP003,Mike Chen,Travel Agency,11.54,Software,2025-11-17 18:03:59,Operations
TXN000203,EMP004,Lisa Garcia,Office Depot,168.24,Travel,2025-11-03 12:38:01,Sales
TXN000204,EMP002,Sarah Johnson,Staples,130.96,Business Expense,2025-10-23 17:43:22,Marketing
TXN000205,EMP001,John Smith,Amazon,181.65,Equipment,2025-10-22 18:19:06,Finance
TXN000206,EMP001,John Smith,Amazon,120.12,Travel,2025-10-28 10:58:38,Finance
TXN000207,EMP003,Mike Chen,Office Depot,152.02,Software,2025-10-23 10:08:44,Operations
TXN000208,EMP003,Mike Chen,Office Depot,110.86,Equipment,2025-10-21 12:16:15,Operations
TXN000209,EMP003,Mike Chen,Amazon,151.85,Office Supplies,2025-11-05 13:29:40,Operations
TXN000210,EMP002,Sarah Johnson,Travel Agency,153.29,Equipment,2025-11-02 11:46:14,Marketing
TXN000211,EMP005,David Brown,Amazon,79.5,Software,2025-11-03 14:16:07,IT
TXN000212,EMP001,John Smith,Travel Agency,96.41,Travel,2025-11-05 18:43:47,Finance
TXN000213,EMP005,David Brown,Staples,82.39,Business Expense,2025-11-16 18:06:29,IT
TXN000214,EMP004,Lisa Garcia,Staples,14.75,Software,2025-11-14 16:58:08,Sales
TXN000215,EMP002,Sarah Johnson,Local Supplier,133.05,Travel,2025-11-14 18:58:39,Marketing
TXN000216,EMP004,Lisa Garcia,Amazon,32.17,Equipment,2025-11-12 08:19:42,Sales
TXN000217,EMP001,John Smith,Office Depot,28.47,Equipment,2025-10-31 16:24:59,Finance
TXN000218,EMP003,Mike Chen,Local Supplier,137.39,Business Expense,2025-10-21 16:37:51,Operations
TXN000219,EMP004,Lisa Garcia,Tech Store,134.44,Travel,2025-11-08 15:26:24,Sales
TXN000220,EMP001,John Smith,Local Supplier,141.15,Business Expense,2025-10-30 11:28:32,Finance
TXN000221,EMP003,Mike Chen,Staples,28.88,Travel,2025-10-27 18:34:01,Operations
TXN000222,EMP001,John Smith,Amazon,85.65,Equipment,2025-11-02 11:54:17,Finance
TXN000223,EMP001,John Smith,Travel Agency,135.93,Office Supplies,2025-11-17 18:38:30,Finance
TXN000224,EMP001,John Smith,Office Depot,159.49,Software,2025-11-14 11:50:44,Finance
TXN000225,EMP002,Sarah Johnson,Office Depot,23.04,Business Expense,2025-10-21 16:37:27,Marketing
TXN000226,EMP002,Sarah Johnson,Tech Store,72.43,Travel,2025-10-26 10:00:06,Marketing
TXN000227,EMP002,Sarah Johnson,Staples,197.63,Business Expense,2025-11-18 16:51:30,Marketing
TXN000228,EMP001,John Smith,Office Depot,135.6,Travel,2025-11-02 08:00:20,Finance
TXN000229,EMP002,Sarah Johnson,Office Depot,121.88,Office Supplies,2025-10-26 08:16:35,Marketing
TXN000230,EMP002,Sarah Johnson,Amazon,150.93,Office Supplies,2025-11-10 16:47:20,Marketing
TXN000231,EMP004,Lisa Garcia,Tech Store,95.17,Office Supplies,2025-10-28 13:37:56,Sales
TXN000232,EMP004,Lisa Garcia,Amazon,105.73,Software,2025-11-02 17:46:29,Sales
TXN000233,EMP003,Mike Chen,Amazon,97.03,Equipment,2025-11-14 08:30:09,Operations
TXN000234,EMP004,Lisa Garcia,Travel Agency,140.36,Equipment,2025-11-08 15:58:26,Sales
TXN000235,EMP001,John Smith,Tech Store,180.86,Office Supplies,2025-11-10 13:09:23,Finance
TXN000236,EMP002,Sarah Johnson,Tech Store,62.25,Travel,2025-11-15 18:35:49,Marketing
TXN000237,EMP004,Lisa Garcia,Staples,198.98,Software,2025-11-05 16:29:05,Sales
TXN000238,EMP005,David Brown,Travel Agency,91.74,Software,2025-11-06 09:41:55,IT
TXN000239,EMP002,Sarah Johnson,Local Supplier,91.71,Equipment,2025-11-08 11:21:38,Marketing
TXN000240,EMP004,Lisa Garcia,Staples,89.04,Travel,2025-11-07 09:27:24,Sales
TXN000241,EMP003,Mike Chen,Travel Agency,81.12,Equipment,2025-11-11 10:59:13,Operations
TXN000242,EMP001,John Smith,Amazon,27.33,Office Supplies,2025-10-24 09:27:21,Finance
TXN000243,EMP003,Mike Chen,Amazon,164.24,Software,2025-10-24 16:37:45,Operations
TXN000244,EMP005,David Brown,Local Supplier,72.63,Equipment,2025-10-27 09:22:03,IT
TXN000245,EMP001,John Smith,Staples,194.0,Office Supplies,2025-10-24 17:22:28,Finance
TXN000246,EMP005,David Brown,Travel Agency,106.41,Business Expense,2025-10-24 10:30:46,IT
TXN000247,EMP001,John Smith,Staples,76.52,Travel,2025-10-28 16:07:59,Finance
TXN000248,EMP005,David Brown,Tech Store,52.97,Software,2025-11-05 14:49:29,IT
TXN000249,EMP005,David Brown,Amazon,138.25,Travel,2025-11-05 16:38:21,IT
TXN000250,EMP001,John Smith,Unknown Vendor,770.62,Travel,2025-10-26 01:58:43,Finance
TXN000251,EMP003,Mike Chen,Tech Store,11.16,Equipment,2025-10-21 10:42:15,Operations
TXN000252,EMP001,John Smith,Amazon,36.96,Software,2025-10-21 18:05:47,Finance
TXN000253,EMP002,Sarah Johnson,Staples,81.48,Travel,2025-11-19 15:10:23,Marketing
TXN000254,EMP003,Mike Chen,Tech Store,147.1,Office Supplies,2025-11-14 17:05:47,Operations
TXN000255,EMP002,Sarah Johnson,Amazon,39.91,Office Supplies,2025-10-28 17:43:03,Marketing
TXN000256,EMP003,Mike Chen,Local Supplier,94.19,Equipment,2025-10-28 14:38:40,Operations
TXN000257,EMP004,Lisa Garcia,Amazon,61.9,Equipment,2025-10-24 16:22:28,Sales
TXN000258,EMP001,John Smith,Tech Store,63.82,Software,2025-11-06 18:31:42,Finance
TXN000259,EMP003,Mike Chen,Tech Store,18.63,Office Supplies,2025-10-20 14:03:02,Operations
TXN000260,EMP002,Sarah Johnson,Office Depot,67.27,Travel,2025-10-29 11:48:35,Marketing
TXN000261,EMP003,Mike Chen,Local Supplier,72.34,Equipment,2025-10-29 08:47:12,Operations
TXN000262,EMP002,Sarah Johnson,Travel Agency,34.55,Software,2025-11-04 16:14:06,Marketing
TXN000263,EMP005,David Brown,Amazon,168.34,Office Supplies,2025-11-15 13:25:19,IT
TXN000264,EMP004,Lisa Garcia,Staples,13.56,Equipment,2025-11-02 09:36:31,Sales
TXN000265,EMP005,David Brown,Local Supplier,86.84,Office Supplies,2025-11-04 18:18:26,IT
TXN000266,EMP004,Lisa Garcia,Office Depot,13.96,Software,2025-10-22 13:51:44,Sales
TXN000267,EMP004,Lisa Garcia,Amazon,168.08,Office Supplies,2025-11-02 13:27:17,Sales
TXN000268,EMP002,Sarah Johnson,Tech Store,92.78,Equipment,2025-11-02 14:05:50,Marketing
TXN000269,EMP003,Mike Chen,Staples,151.7,Business Expense,2025-11-15 11:49:55,Operations
TXN000270,EMP001,John Smith,Tech Store,106.99,Business Expense,2025-10-29 09:32:07,Finance
TXN000271,EMP003,Mike Chen,Office Depot,76.71,Office Supplies,2025-11-11 18:15:04,Operations
TXN000272,EMP002,Sarah Johnson,Tech Store,58.63,Office Supplies,2025-10-22 10:09:20,Marketing
TXN000273,EMP002,Sarah Johnson,Local Supplier,190.75,Software,2025-10-25 18:29:25,Marketing
TXN000274,EMP005,David Brown,Travel Agency,95.29,Software,2025-10-26 17:40:22,IT
TXN000275,EMP003,Mike Chen,Staples,174.21,Equipment,2025-11-04 18:09:50,Operations
TXN000276,EMP001,John Smith,Staples,99.1,Travel,2025-10-27 18:50:48,Finance
TXN000277,EMP005,David Brown,Amazon,20.67,Equipment,2025-10-21 16:19:32,IT
TXN000278,EMP004,Lisa Garcia,Staples,17.15,Office Supplies,2025-11-04 13:04:26,Sales
TXN000279,EMP005,David Brown,Local Supplier,122.88,Software,2025-10-21 14:37:06,IT
TXN000280,EMP001,John Smith,Travel Agency,95.45,Travel,2025-10-22 17:12:58,Finance
TXN000281,EMP005,David Brown,Amazon,100.37,Office Supplies,2025-11-01 10:28:50,IT
TXN000282,EMP003,Mike Chen,Tech Store,196.65,Business Expense,2025-10-30 09:41:56,Operations
TXN000283,EMP001,John Smith,Local Supplier,57.07,Software,2025-11-11 15:33:24,Finance
TXN000284,EMP005,David Brown,Staples,40.16,Equipment,2025-11-17 13:24:08,IT
TXN000285,EMP003,Mike Chen,Travel Agency,138.99,Travel,2025-10-27 08:41:19,Operations
TXN000286,EMP001,John Smith,Travel Agency,72.64,Travel,2025-11-17 16:24:56,Finance
TXN000287,EMP003,Mike Chen,Tech Store,147.51,Business Expense,2025-11-12 18:55:00,Operations
TXN000288,EMP003,Mike Chen,Office Depot,25.49,Travel,2025-10-26 18:58:47,Operations
TXN000289,EMP003,Mike Chen,Local Supplier,193.86,Software,2025-10-24 18:08:06,Operations
TXN000290,EMP001,John Smith,Travel Agency,68.82,Travel,2025-11-09 14:50:03,Finance
TXN000291,EMP002,Sarah Johnson,Tech Store,137.32,Equipment,2025-11-14 18:05:28,Marketing
TXN000292,EMP005,David Brown,Staples,78.75,Business Expense,2025-11-09 13:11:32,IT
TXN000293,EMP003,Mike Chen,Office Depot,190.06,Business Expense,2025-11-12 15:14:26,Operations
TXN000294,EMP002,Sarah Johnson,Tech Store,24.66,Software,2025-10-21 09:49:09,Marketing
TXN000295,EMP005,David Brown,Tech Store,17.17,Software,2025-10-26 13:08:06,IT
TXN000296,EMP004,Lisa Garcia,Travel Agency,39.31,Software,2025-11-01 10:49:07,Sales
TXN000297,EMP002,Sarah Johnson,Local Supplier,147.02,Business Expense,2025-11-05 08:23:01,Marketing
TXN000298,EMP004,Lisa Garcia,Office Depot,126.01,Business Expense,2025-11-04 15:34:41,Sales
TXN000299,EMP003,Mike Chen,Office Depot,193.46,Software,2025-11-11 15:23:54,Operations
TXN000300,EMP004,Lisa Garcia,Unknown Vendor,1192.52,Equipment,2025-10-24 01:49:17,Sales
TXN000301,EMP005,David Brown,Office Depot,110.22,Software,2025-11-18 10:51:05,IT
TXN000302,EMP002,Sarah Johnson,Travel Agency,175.87,Travel,2025-11-10 08:30:52,Marketing
TXN000303,EMP005,David Brown,Amazon,187.52,Office Supplies,2025-10-26 16:18:56,IT
TXN000304,EMP002,Sarah Johnson,Office Depot,61.83,Equipment,2025-10-29 16:53:39,Marketing
TXN000305,EMP001,John Smith,Local Supplier,189.82,Travel,2025-10-22 11:56:16,Finance
TXN000306,EMP001,John Smith,Tech Store,88.83,Business Expense,2025-10-30 14:23:16,Finance
TXN000307,EMP004,Lisa Garcia,Office Depot,198.96,Travel,2025-10-21 13:01:22,Sales
TXN000308,EMP001,John Smith,Staples,169.44,Business Expense,2025-10-29 18:50:30,Finance
TXN000309,EMP002,Sarah Johnson,Travel Agency,17.28,Business Expense,2025-11-15 15:53:04,Marketing
TXN000310,EMP004,Lisa Garcia,Amazon,95.23,Travel,2025-11-19 08:01:19,Sales
TXN000311,EMP002,Sarah Johnson,Travel Agency,168.64,Software,2025-10-25 16:38:13,Marketing
TXN000312,EMP004,Lisa Garcia,Office Depot,31.13,Office Supplies,2025-11-03 12:19:24,Sales
TXN000313,EMP001,John Smith,Tech Store,55.3,Office Supplies,2025-11-18 18:29:35,Finance
TXN000314,EMP001,John Smith,Tech Store,168.97,Office Supplies,2025-11-11 15:34:49,Finance
TXN000315,EMP005,David Brown,Staples,119.26,Office Supplies,2025-11-17 10:27:08,IT
TXN000316,EMP005,David Brown,Local Supplier,77.04,Office Supplies,2025-10-26 17:11:11,IT
TXN000317,EMP005,David Brown,Tech Store,195.18,Software,2025-11-17 09:34:27,IT
TXN000318,EMP005,David Brown,Local Supplier,115.29,Equipment,2025-11-11 14:02:10,IT
TXN000319,EMP003,Mike Chen,Staples,58.19,Office Supplies,2025-11-02 08:50:51,Operations
TXN000320,EMP003,Mike Chen,Travel Agency,55.81,Software,2025-10-21 18:06:27,Operations
TXN000321,EMP003,Mike Chen,Tech Store,35.35,Business Expense,2025-11-09 13:21:22,Operations
TXN000322,EMP004,Lisa Garcia,Travel Agency,196.36,Business Expense,2025-11-19 15:11:50,Sales
TXN000323,EMP001,John Smith,Amazon,146.05,Business Expense,2025-11-07 15:18:17,Finance
TXN000324,EMP001,John Smith,Staples,160.31,Travel,2025-10-23 08:59:43,Finance
TXN000325,EMP005,David Brown,Local Supplier,85.66,Office Supplies,2025-11-03 16:16:33,IT
TXN000326,EMP002,Sarah Johnson,Travel Agency,64.36,Travel,2025-11-17 08:21:34,Marketing
TXN000327,EMP001,John Smith,Local Supplier,161.88,Equipment,2025-11-09 14:47:16,Finance
TXN000328,EMP004,Lisa Garcia,Local Supplier,74.42,Equipment,2025-11-02 10:44:13,Sales
TXN000329,EMP003,Mike Chen,Staples,185.62,Office Supplies,2025-11-08 16:51:01,Operations
TXN000330,EMP004,Lisa Garcia,Office Depot,25.0,Travel,2025-10-25 17:34:45,Sales
TXN000331,EMP003,Mike Chen,Travel Agency,29.49,Travel,2025-10-26 13:18:44,Operations
TXN000332,EMP004,Lisa Garcia,Office Depot,124.5,Equipment,2025-10-30 14:44:14,Sales
TXN000333,EMP003,Mike Chen,Tech Store,94.95,Travel,2025-10-30 13:27:56,Operations
TXN000334,EMP001,John Smith,Local Supplier,24.26,Software,2025-11-08 18:23:47,Finance
TXN000335,EMP002,Sarah Johnson,Tech Store,191.03,Equipment,2025-10-26 10:43:55,Marketing
TXN000336,EMP001,John Smith,Travel Agency,33.98,Travel,2025-11-10 11:23:14,Finance
TXN000337,EMP004,Lisa Garcia,Tech Store,190.4,Equipment,2025-10-24 08:09:45,Sales
TXN000338,EMP003,Mike Chen,Tech Store,80.68,Software,2025-10-26 09:08:31,Operations
TXN000339,EMP003,Mike Chen,Staples,85.63,Office Supplies,2025-11-05 18:15:34,Operations
TXN000340,EMP001,John Smith,Tech Store,149.78,Software,2025-11-01 15:24:14,Finance
TXN000341,EMP001,John Smith,Travel Agency,59.74,Business Expense,2025-11-17 12:28:18,Finance
TXN000342,EMP005,David Brown,Office Depot,64.26,Business Expense,2025-11-19 15:07:59,IT
TXN000343,EMP001,John Smith,Amazon,95.89,Travel,2025-11-07 15:51:48,Finance
TXN000344,EMP003,Mike Chen,Tech Store,144.81,Travel,2025-11-07 16:18:44,Operations
TXN000345,EMP002,Sarah Johnson,Office Depot,145.24,Travel,2025-10-20 18:50:15,Marketing
TXN000346,EMP005,David Brown,Office Depot,52.61,Equipment,2025-10-27 11:15:48,IT
TXN000347,EMP001,John Smith,Staples,78.57,Software,2025-10-29 17:29:59,Finance
TXN000348,EMP002,Sarah Johnson,Amazon,126.27,Equipment,2025-11-14 09:19:38,Marketing
TXN000349,EMP004,Lisa Garcia,Tech Store,109.88,Business Expense,2025-10-28 14:04:57,Sales
TXN000350,EMP003,Mike Chen,Unknown Vendor,1463.51,Software,2025-11-02 02:29:18,Operations
TXN000351,EMP003,Mike Chen,Travel Agency,34.38,Business Expense,2025-10-26 16:37:34,Operations
TXN000352,EMP002,Sarah Johnson,Amazon,92.2,Business Expense,2025-11-04 08:33:42,Marketing
TXN000353,EMP003,Mike Chen,Travel Agency,41.28,Travel,2025-11-03 13:14:41,Operations
TXN000354,EMP005,David Brown,Staples,180.04,Software,2025-11-11 09:12:42,IT
TXN000355,EMP003,Mike Chen,Tech Store,33.78,Office Supplies,2025-11-15 12:34:26,Operations
TXN000356,EMP005,David Brown,Tech Store,131.79,Business Expense,2025-11-14 17:09:04,IT
TXN000357,EMP005,David Brown,Staples,146.92,Software,2025-11-06 17:53:01,IT
TXN000358,EMP001,John Smith,Amazon,166.79,Software,2025-10-27 08:02:43,Finance
TXN000359,EMP003,Mike Chen,Local Supplier,133.71,Office Supplies,2025-11-03 17:39:21,Operations
TXN000360,EMP004,Lisa Garcia,Staples,178.91,Travel,2025-11-06 16:41:45,Sales
TXN000361,EMP004,Lisa Garcia,Local Supplier,56.53,Equipment,2025-10-29 18:19:57,Sales
TXN000362,EMP001,John Smith,Local Supplier,140.84,Equipment,2025-11-18 10:26:14,Finance
TXN000363,EMP004,Lisa Garcia,Office Depot,48.76,Travel,2025-11-09 17:20:30,Sales
TXN000364,EMP003,Mike Chen,Staples,195.32,Software,2025-11-06 10:32:27,Operations
TXN000365,EMP001,John Smith,Amazon,70.63,Equipment,2025-10-25 15:17:17,Finance
TXN000366,EMP002,Sarah Johnson,Staples,36.77,Software,2025-11-01 08:24:51,Marketing
TXN000367,EMP004,Lisa Garcia,Staples,57.17,Software,2025-11-06 10:59:24,Sales
TXN000368,EMP003,Mike Chen,Local Supplier,46.07,Equipment,2025-10-26 10:32:47,Operations
TXN000369,EMP004,Lisa Garcia,Amazon,177.02,Equipment,2025-10-22 15:05:42,Sales
TXN000370,EMP005,David Brown,Office Depot,96.87,Travel,2025-11-15 11:37:58,IT
TXN000371,EMP001,John Smith,Tech Store,19.6,Equipment,2025-11-03 15:56:00,Finance
TXN000372,EMP003,Mike Chen,Local Supplier,111.97,Travel,2025-10-30 09:08:34,Operations
TXN000373,EMP003,Mike Chen,Amazon,155.13,Office Supplies,2025-11-06 13:25:37,Operations
TXN000374,EMP005,David Brown,Tech Store,116.75,Office Supplies,2025-10-31 13:18:31,IT
TXN000375,EMP004,Lisa Garcia,Staples,105.81,Software,2025-10-30 16:52:50,Sales
TXN000376,EMP005,David Brown,Local Supplier,32.57,Travel,2025-11-14 09:23:28,IT
TXN000377,EMP005,David Brown,Office Depot,188.4,Software,2025-11-18 10:38:59,IT
TXN000378,EMP004,Lisa Garcia,Amazon,105.01,Travel,2025-10-24 08:08:16,Sales
TXN000379,EMP004,Lisa Garcia,Tech Store,108.67,Software,2025-11-12 10:57:38,Sales
TXN000380,EMP002,Sarah Johnson,Staples,72.31,Equipment,2025-11-09 17:10:41,Marketing
TXN000381,EMP005,David Brown,Tech Store,150.47,Software,2025-11-16 12:21:36,IT
TXN000382,EMP005,David Brown,Staples,111.14,Office Supplies,2025-11-16 17:30:35,IT
TXN000383,EMP003,Mike Chen,Local Supplier,72.94,Travel,2025-11-11 09:37:56,Operations
TXN000384,EMP001,John Smith,Travel Agency,123.41,Software,2025-11-07 12:50:08,Finance
TXN000385,EMP005,David Brown,Tech Store,53.23,Business Expense,2025-10-23 08:30:32,IT
TXN000386,EMP005,David Brown,Local Supplier,129.51,Business Expense,2025-10-26 17:09:29,IT
TXN000387,EMP001,John Smith,Office Depot,118.79,Equipment,2025-11-06 09:01:43,Finance
TXN000388,EMP003,Mike Chen,Travel Agency,89.57,Equipment,2025-11-15 14:13:14,Operations
TXN000389,EMP005,David Brown,Travel Agency,157.24,Office Supplies,2025-11-12 15:46:42,IT
TXN000390,EMP002,Sarah Johnson,Staples,108.55,Equipment,2025-11-05 16:42:46,Marketing
TXN000391,EMP005,David Brown,Local Supplier,81.6,Software,2025-11-11 10:58:40,IT
TXN000392,EMP003,Mike Chen,Travel Agency,113.79,Travel,2025-10-25 18:43:34,Operations
TXN000393,EMP005,David Brown,Staples,101.99,Travel,2025-11-16 11:35:58,IT
TXN000394,EMP002,Sarah Johnson,Staples,188.88,Business Expense,2025-11-17 12:45:30,Marketing
TXN000395,EMP004,Lisa Garcia,Tech Store,70.24,Travel,2025-10-30 13:59:13,Sales
TXN000396,EMP003,Mike Chen,Tech Store,33.16,Equipment,2025-11-07 18:24:39,Operations
TXN000397,EMP003,Mike Chen,Staples,191.38,Travel,2025-11-10 10:02:20,Operations
TXN000398,EMP001,John Smith,Travel Agency,75.81,Equipment,2025-10-25 15:16:07,Finance
TXN000399,EMP002,Sarah Johnson,Staples,48.39,Software,2025-11-02 16:59:52,Marketing
TXN000400,EMP003,Mike Chen,Unknown Vendor,705.91,Software,2025-11-16 03:47:59,Operations
TXN000401,EMP002,Sarah Johnson,Tech Store,56.07,Business Expense,2025-11-10 18:14:16,Marketing
TXN000402,EMP001,John Smith,Travel Agency,29.04,Office Supplies,2025-11-13 13:30:43,Finance
TXN000403,EMP002,Sarah Johnson,Office Depot,10.98,Equipment,2025-10-24 16:26:49,Marketing
TXN000404,EMP004,Lisa Garcia,Staples,133.6,Office Supplies,2025-11-05 12:18:39,Sales
TXN000405,EMP001,John Smith,Tech Store,133.94,Office Supplies,2025-11-16 11:47:20,Finance
TXN000406,EMP002,Sarah Johnson,Amazon,89.4,Equipment,2025-11-18 10:53:13,Marketing
TXN000407,EMP004,Lisa Garcia,Amazon,45.4,Travel,2025-10-21 12:00:17,Sales
TXN000408,EMP005,David Brown,Staples,124.53,Software,2025-10-29 13:29:38,IT
TXN000409,EMP005,David Brown,Tech Store,103.84,Travel,2025-10-27 10:29:26,IT
TXN000410,EMP002,Sarah Johnson,Office Depot,163.67,Equipment,2025-10-30 13:46:05,Marketing
TXN000411,EMP003,Mike Chen,Travel Agency,146.53,Travel,2025-11-09 08:21:12,Operations
TXN000412,EMP005,David Brown,Office Depot,138.14,Equipment,2025-10-25 11:39:14,IT
TXN000413,EMP004,Lisa Garcia,Local Supplier,107.9,Office Supplies,2025-10-29 09:42:40,Sales
TXN000414,EMP002,Sarah Johnson,Staples,196.52,Business Expense,2025-11-15 15:59:49,Marketing
TXN000415,EMP001,John Smith,Local Supplier,59.55,Travel,2025-10-21 11:48:58,Finance
TXN000416,EMP003,Mike Chen,Amazon,67.37,Travel,2025-11-07 17:16:01,Operations
TXN000417,EMP002,Sarah Johnson,Local Supplier,21.8,Business Expense,2025-11-10 09:19:00,Marketing
TXN000418,EMP004,Lisa Garcia,Travel Agency,140.35,Travel,2025-10-27 12:07:33,Sales
TXN000419,EMP003,Mike Chen,Office Depot,126.78,Business Expense,2025-10-26 11:30:41,Operations
TXN000420,EMP004,Lisa Garcia,Staples,152.07,Software,2025-10-23 17:26:43,Sales
TXN000421,EMP004,Lisa Garcia,Office Depot,153.9,Business Expense,2025-10-25 18:48:11,Sales
TXN000422,EMP005,David Brown,Tech Store,175.9,Software,2025-11-09 09:28:58,IT
TXN000423,EMP003,Mike Chen,Amazon,24.84,Software,2025-11-08 17:03:36,Operations
TXN000424,EMP005,David Brown,Office Depot,48.41,Travel,2025-10-31 16:10:02,IT
TXN000425,EMP005,David Brown,Office Depot,93.95,Software,2025-10-20 18:45:56,IT
TXN000426,EMP004,Lisa Garcia,Local Supplier,27.28,Office Supplies,2025-11-03 16:51:08,Sales
TXN000427,EMP004,Lisa Garcia,Local Supplier,35.07,Office Supplies,2025-10-27 14:36:18,Sales
TXN000428,EMP005,David Brown,Travel Agency,97.85,Equipment,2025-10-23 12:01:40,IT
TXN000429,EMP003,Mike Chen,Tech Store,165.13,Office Supplies,2025-11-07 11:04:42,Operations
TXN000430,EMP004,Lisa Garcia,Tech Store,75.46,Office Supplies,2025-11-07 09:03:27,Sales
TXN000431,EMP004,Lisa Garcia,Office Depot,16.03,Business Expense,2025-10-24 14:49:32,Sales
TXN000432,EMP004,Lisa Garcia,Local Supplier,81.15,Equipment,2025-10-22 14:55:36,Sales
TXN000433,EMP004,Lisa Garcia,Tech Store,25.25,Travel,2025-11-09 18:08:05,Sales
TXN000434,EMP001,John Smith,Local Supplier,43.91,Business Expense,2025-11-04 16:33:15,Finance
TXN000435,EMP002,Sarah Johnson,Staples,168.62,Software,2025-10-21 08:29:34,Marketing
TXN000436,EMP004,Lisa Garcia,Office Depot,111.07,Travel,2025-11-10 11:29:51,Sales
TXN000437,EMP002,Sarah Johnson,Amazon,62.37,Equipment,2025-11-12 09:51:40,Marketing
TXN000438,EMP005,David Brown,Office Depot,155.55,Office Supplies,2025-11-06 08:13:19,IT
TXN000439,EMP001,John Smith,Tech Store,122.85,Office Supplies,2025-11-03 15:43:46,Finance
TXN000440,EMP002,Sarah Johnson,Local Supplier,150.7,Software,2025-11-18 14:14:52,Marketing
TXN000441,EMP002,Sarah Johnson,Office Depot,153.33,Travel,2025-10-25 08:32:14,Marketing
TXN000442,EMP002,Sarah Johnson,Staples,165.0,Software,2025-10-20 17:36:21,Marketing
TXN000443,EMP003,Mike Chen,Travel Agency,55.01,Business Expense,2025-11-14 10:33:45,Operations
TXN000444,EMP004,Lisa Garcia,Tech Store,67.1,Business Expense,2025-11-13 08:37:34,Sales
TXN000445,EMP004,Lisa Garcia,Staples,115.61,Equipment,2025-11-16 08:41:52,Sales
TXN000446,EMP005,David Brown,Local Supplier,70.56,Travel,2025-11-06 14:09:17,IT
TXN000447,EMP004,Lisa Garcia,Local Supplier,44.94,Business Expense,2025-11-17 16:15:11,Sales
TXN000448,EMP003,Mike Chen,Local Supplier,172.93,Office Supplies,2025-11-10 10:58:44,Operations
TXN000449,EMP005,David Brown,Tech Store,88.41,Business Expense,2025-11-02 14:33:38,IT
TXN000450,EMP004,Lisa Garcia,Unknown Vendor,864.29,Office Supplies,2025-11-09 00:21:29,Sales
TXN000451,EMP004,Lisa Garcia,Tech Store,170.96,Business Expense,2025-11-08 09:46:37,Sales
TXN000452,EMP001,John Smith,Tech Store,61.01,Office Supplies,2025-11-15 18:38:15,Finance
TXN000453,EMP001,John Smith,Travel Agency,45.75,Software,2025-11-08 17:42:14,Finance
TXN000454,EMP002,Sarah Johnson,Staples,101.08,Office Supplies,2025-11-18 13:58:39,Marketing
TXN000455,EMP002,Sarah Johnson,Travel Agency,188.06,Equipment,2025-10-30 09:48:07,Marketing
TXN000456,EMP002,Sarah Johnson,Local Supplier,142.17,Business Expense,2025-10-28 11:58:16,Marketing
TXN000457,EMP005,David Brown,Local Supplier,71.11,Software,2025-11-01 12:29:23,IT
TXN000458,EMP003,Mike Chen,Tech Store,68.6,Equipment,2025-10-24 13:56:30,Operations
TXN000459,EMP004,Lisa Garcia,Staples,28.74,Business Expense,2025-11-09 15:58:17,Sales
TXN000460,EMP003,Mike Chen,Tech Store,69.46,Business Expense,2025-10-28 08:55:18,Operations
TXN000461,EMP002,Sarah Johnson,Tech Store,13.08,Equipment,2025-10-28 16:37:39,Marketing
TXN000462,EMP003,Mike Chen,Office Depot,38.96,Software,2025-11-09 13:24:46,Operations
TXN000463,EMP002,Sarah Johnson,Travel Agency,104.87,Travel,2025-10-25 18:21:08,Marketing
TXN000464,EMP004,Lisa Garcia,Travel Agency,193.64,Equipment,2025-11-10 18:31:00,Sales
TXN000465,EMP002,Sarah Johnson,Office Depot,149.23,Software,2025-11-01 13:08:43,Marketing
TXN000466,EMP004,Lisa Garcia,Travel Agency,44.97,Software,2025-10-23 16:03:56,Sales
TXN000467,EMP001,John Smith,Travel Agency,169.42,Office Supplies,2025-11-07 09:03:06,Finance
TXN000468,EMP004,Lisa Garcia,Office Depot,36.12,Business Expense,2025-11-02 18:04:46,Sales
TXN000469,EMP001,John Smith,Staples,51.56,Software,2025-10-28 15:03:04,Finance
TXN000470,EMP005,David Brown,Local Supplier,183.42,Office Supplies,2025-10-22 18:01:23,IT
TXN000471,EMP005,David Brown,Amazon,114.81,Travel,2025-11-07 08:33:43,IT
TXN000472,EMP005,David Brown,Tech Store,195.72,Equipment,2025-11-16 08:52:39,IT
TXN000473,EMP002,Sarah Johnson,Tech Store,30.33,Business Expense,2025-11-10 09:09:16,Marketing
TXN000474,EMP002,Sarah Johnson,Staples,127.76,Equipment,2025-11-16 12:17:09,Marketing
TXN000475,EMP001,John Smith,Local Supplier,80.88,Business Expense,2025-11-05 14:36:40,Finance
TXN000476,EMP002,Sarah Johnson,Travel Agency,67.0,Office Supplies,2025-11-14 09:54:38,Marketing
TXN000477,EMP001,John Smith,Tech Store,87.0,Office Supplies,2025-11-13 14:30:08,Finance
TXN000478,EMP001,John Smith,Local Supplier,143.54,Equipment,2025-11-09 09:54:09,Finance
TXN000479,EMP003,Mike Chen,Tech Store,117.51,Office Supplies,2025-10-30 09:58:58,Operations
TXN000480,EMP002,Sarah Johnson,Local Supplier,50.17,Office Supplies,2025-11-09 17:17:19,Marketing
TXN000481,EMP001,John Smith,Tech Store,140.04,Office Supplies,2025-10-26 12:36:25,Finance
TXN000482,EMP002,Sarah Johnson,Amazon,186.47,Software,2025-11-01 13:13:59,Marketing
TXN000483,EMP002,Sarah Johnson,Amazon,152.93,Business Expense,2025-11-11 14:19:30,Marketing
TXN000484,EMP005,David Brown,Travel Agency,55.69,Software,2025-10-30 14:57:53,IT
TXN000485,EMP003,Mike Chen,Travel Agency,82.93,Office Supplies,2025-11-01 10:46:07,Operations
TXN000486,EMP005,David Brown,Amazon,151.64,Equipment,2025-11-12 13:06:11,IT
TXN000487,EMP002,Sarah Johnson,Tech Store,169.35,Software,2025-11-08 13:49:30,Marketing
TXN000488,EMP005,David Brown,Amazon,85.37,Travel,2025-11-05 13:40:23,IT
TXN000489,EMP004,Lisa Garcia,Tech Store,103.21,Equipment,2025-10-21 13:24:17,Sales
TXN000490,EMP002,Sarah Johnson,Local Supplier,139.14,Software,2025-11-18 18:05:37,Marketing
TXN000491,EMP003,Mike Chen,Amazon,161.63,Business Expense,2025-11-13 09:17:19,Operations
TXN000492,EMP004,Lisa Garcia,Office Depot,145.22,Equipment,2025-10-25 18:47:34,Sales
TXN000493,EMP003,Mike Chen,Amazon,78.53,Equipment,2025-10-31 09:19:46,Operations
TXN000494,EMP003,Mike Chen,Office Depot,154.66,Business Expense,2025-11-08 09:05:49,Operations
TXN000495,EMP004,Lisa Garcia,Tech Store,95.28,Office Supplies,2025-10-22 16:26:45,Sales
TXN000496,EMP001,John Smith,Amazon,27.03,Software,2025-11-08 16:38:11,Finance
TXN000497,EMP003,Mike Chen,Staples,174.11,Equipment,2025-11-04 08:26:38,Operations
TXN000498,EMP001,John Smith,Office Depot,147.72,Software,2025-11-19 16:36:14,Finance
TXN000499,EMP002,Sarah Johnson,Office Depot,140.21,Travel,2025-11-10 10:17:22,Marketing
TXN000500,EMP003,Mike Chen,Unknown Vendor,1239.69,Equipment,2025-11-01 23:10:43,Operations
